INSERT INTO PACIENTES VALUES ('123456789','Marcio Sousa', 'M', 15,'Itu','Rubéola')
INSERT INTO PACIENTES VALUES ('155854552','Roberto Silva','M',33,'Itu','Rubéola')
INSERT INTO PACIENTES VALUES ('152430200','Marcio Silva','M',38,'Sorocaba','Sarampo')
INSERT INTO PACIENTES VALUES ('451091164','Andréia Beltrão','F',35,'Sorocaba','Rubéola')
INSERT INTO PACIENTES VALUES ('152362254','Beatriz Camargo','F',30,'Sorocaba','Epiderme')
INSERT INTO PACIENTES VALUES ('45245211A','Thiago Silva','M',29,'Itu','Virose')
INSERT INTO PACIENTES VALUES ('156325220','Marcelo Gusmão','M',45,'Salto','Alergia')
INSERT INTO PACIENTES VALUES ('154859653','Roberta Mussafari','F',54,'Itu','Tosse')
INSERT INTO PACIENTES VALUES ('124524140','Marcio Gusmão','M',52,'Salto','Sarampo')
INSERT INTO PACIENTES VALUES ('145896200','Adalberto Camargo','M',22,'Sorocaba','Sarampo')
GO

SELECT * FROM PACIENTES
GO

INSERT INTO AMBULATORIOS VALUES ('7',4,36)
INSERT INTO AMBULATORIOS VALUES ('10',4,62)
INSERT INTO AMBULATORIOS VALUES ('9',2,55)
INSERT INTO AMBULATORIOS VALUES ('11',1,50)
INSERT INTO AMBULATORIOS VALUES ('8',4,51)
INSERT INTO AMBULATORIOS VALUES ('14',2,52)
INSERT INTO AMBULATORIOS VALUES ('13',3,32)
INSERT INTO AMBULATORIOS VALUES ('2',4,50)
INSERT INTO AMBULATORIOS VALUES ('6',4,64)
INSERT INTO AMBULATORIOS VALUES ('3',3,39)
GO

SELECT * FROM AMBULATORIOS
GO

INSERT INTO MEDICOS VALUES ('ABCD12','4585455212','Marcelo Hugo',32,'Itu','Cardiologia','11')
INSERT INTO MEDICOS VALUES ('165822','1521452211','Goes',55,'','Clínica','2')
INSERT INTO MEDICOS VALUES ('121212','1252111412','Benedito Augusto',25, 'São Paulo','Dermatologia','10')
INSERT INTO MEDICOS VALUES ('000046','15212411AA','Norberto Guimarães',45,'Rio de Janeiro','Endocrinologia','11')
INSERT INTO MEDICOS VALUES ('111222','152142221B','Leandro Cavalcante', 41,'Curitiba','Infectologista','9')
INSERT INTO MEDICOS VALUES ('000079','145214588A','Ruth Aparecida', 49,'Santos','Neurologia','10')
INSERT INTO MEDICOS VALUES ('156585','1521145522','Marcio Lopes', 34,'Sorocaba','Oftalmologia','7')
INSERT INTO MEDICOS VALUES ('854762','4585465523','José Sousa', 46,'Salto','Ortopedia','14')
INSERT INTO MEDICOS VALUES ('956A2B','4589653258','Yago Tavernaro', 47,'Salto','Oftalmologia','2')
INSERT INTO MEDICOS VALUES ('A1BC45','4855544521','Roberta Camargo', 36,'Porto Feliz','Reumatologia','6')
GO

SELECT * FROM MEDICOS
GO

INSERT INTO CONSULTA VALUES ('5214524','111222','152430200','2015-10-10',130.00)
INSERT INTO CONSULTA VALUES ('A145222','165822','45245211A','2016-05-04',250.00)
INSERT INTO CONSULTA VALUES ('484555B','000079','156325220','2016-08-09',195.33)
INSERT INTO CONSULTA VALUES ('4855545','111222','154859653','2016-10-04',193.22)
INSERT INTO CONSULTA VALUES ('478545A','121212','123456789','2016-12-05',199.20)
INSERT INTO CONSULTA VALUES ('1542633','000046','152362254','2016-12-06',200.00)
INSERT INTO CONSULTA VALUES ('4854755','A1BC45','124524140','2016-19-02',198.00)
INSERT INTO CONSULTA VALUES ('8596556','000079','152430200','2016-22-09',294.33)
INSERT INTO CONSULTA VALUES ('9856322','000079','155854552','2016-30-10',192.20)
INSERT INTO CONSULTA VALUES ('847556A','000046','145896200','2016-15-07',159.22)
GO

SELECT * FROM CONSULTA
GO